window_start,dbscan_cluster,dbscan_silhouette_score,isolation_forest_score,isolation_forest_anomaly,isolation_forest_top_anomaly,pca_component_1,pca_component_2,processing_timestamp
2017-07-03 20:25:00+00:00,-1,-1,0.15869731173038854,0,False,-26.93005832496873,-1.3019403501321474,2025-10-02T10:30:21.960501
1900-07-07 13:40:00+00:00,-1,-1,0.12856888305675862,0,False,-25.900720428737465,-2.4292469096714324,2025-10-02T10:30:21.960501
1900-07-05 12:50:00+00:00,-1,-1,0.2388511951371653,0,False,-24.932718627126196,-1.7850854960888867,2025-10-02T10:30:21.960501
1900-07-05 14:15:00+00:00,-1,-1,0.23432523607335565,0,False,-24.924309701006422,-1.9564712650007177,2025-10-02T10:30:21.960501
1900-07-03 15:45:00+00:00,-1,-1,0.2354540816027076,0,False,-23.923664129146786,-1.9784594787445686,2025-10-02T10:30:21.960501
1900-07-01 11:35:00+00:00,-1,-1,0.14253130209092785,0,False,-22.91306699243777,-2.170151456098013,2025-10-02T10:30:21.960501
1900-07-04 06:10:00+00:00,-1,-1,0.21939152701505665,0,False,-21.948404971025592,-1.3900271596410159,2025-10-02T10:30:21.960501
1900-07-04 06:50:00+00:00,-1,-1,0.21485163348900788,0,False,-21.943912280345447,-1.458963377957418,2025-10-02T10:30:21.960501
1900-07-04 09:00:00+00:00,-1,-1,0.2377411250149204,0,False,-21.938037927186013,-1.612637703850559,2025-10-02T10:30:21.960501
1900-07-04 09:55:00+00:00,-1,-1,0.24371850709782616,0,False,-21.94253061786616,-1.5437014855341569,2025-10-02T10:30:21.960501
1900-07-04 20:25:00+00:00,-1,-1,0.20614651560101988,0,False,-21.92811619736948,-1.286256771835005,2025-10-02T10:30:21.960501
1900-07-06 01:10:00+00:00,-1,-1,0.20090284035934547,0,False,-20.962140289225914,-0.35268569794098037,2025-10-02T10:30:21.960501
1900-07-03 18:35:00+00:00,-1,-1,0.2381110439966534,0,False,-19.927532650108198,-1.9462513401058552,2025-10-02T10:30:21.960501
1900-07-02 02:15:00+00:00,-1,-1,0.21451693087955154,0,False,-18.96280726322647,-0.34543735013096866,2025-10-02T10:30:21.960501
1900-07-02 12:25:00+00:00,-1,-1,0.24400655222094797,0,False,-18.940593902287247,-1.6096661267657097,2025-10-02T10:30:21.960501
1900-07-02 18:35:00+00:00,-1,-1,0.22892541004299444,0,False,-18.924352505288237,-1.9859509968683948,2025-10-02T10:30:21.960501
1900-07-02 18:40:00+00:00,-1,-1,0.22892541004299444,0,False,-18.92435250528822,-1.9859509968683944,2025-10-02T10:30:21.960501
2017-05-16 00:00:00+00:00,-1,-1,-0.004016693245405323,1,True,-18.16727314601982,-2.0427534185941347,2025-10-02T10:30:21.960501
2017-05-16 00:05:00+00:00,-1,-1,0.001056725158103844,0,False,-18.162453644630506,-1.9609547639168459,2025-10-02T10:30:21.960501
2017-05-16 00:10:00+00:00,-1,-1,-0.015288291354235262,1,True,-18.133193983230708,-1.1533669970828864,2025-10-02T10:30:21.960501
2017-05-16 00:05:00+00:00,-1,-1,0.10721791974026484,0,False,-17.021710134144307,0.8852243095657861,2025-10-02T10:30:21.960501
2017-05-16 00:00:00+00:00,-1,-1,0.20785649264455913,0,False,-16.03215039166044,2.2028313599389775,2025-10-02T10:30:21.960501
2017-05-16 00:00:00+00:00,-1,-1,0.21282136806164564,0,False,-15.036819878708643,2.4040205750341044,2025-10-02T10:30:21.960501
2017-05-16 00:00:00+00:00,-1,-1,0.21545165666752691,0,False,-14.034775483380788,2.2613044830467035,2025-10-02T10:30:21.960501
2017-05-16 00:00:00+00:00,-1,-1,0.18121389950423,0,False,-13.033791310710152,1.8394994043487785,2025-10-02T10:30:21.960501
2017-05-16 00:00:00+00:00,-1,-1,0.22586612626651742,0,False,-12.045102278749024,2.3735652208049762,2025-10-02T10:30:21.960501
2017-05-16 00:00:00+00:00,-1,-1,0.18149585918540057,0,False,-11.036416402430502,1.8979725274565045,2025-10-02T10:30:21.960501
2017-05-16 00:00:00+00:00,-1,-1,0.19429860000895893,0,False,-10.049584144233174,2.1182876437025797,2025-10-02T10:30:21.960501
2017-05-16 00:05:00+00:00,-1,-1,0.22220960668450834,0,False,-9.044282402568232,2.5893658107482236,2025-10-02T10:30:21.960501
2017-05-16 00:05:00+00:00,-1,-1,0.23467460400225026,0,False,-8.04539219737586,2.618917491570274,2025-10-02T10:30:21.960501
2017-05-16 00:05:00+00:00,-1,-1,0.21112164396043148,0,False,-7.054670141079108,2.4315181484911563,2025-10-02T10:30:21.960501
2017-05-16 00:05:00+00:00,-1,-1,-0.002465692035575562,1,True,-6.063168682690417,2.9614766811685125,2025-10-02T10:30:21.960501
2017-05-16 00:05:00+00:00,-1,-1,0.2183001070463646,0,False,-5.054526650213076,2.5691880971795973,2025-10-02T10:30:21.960501
2017-05-16 00:05:00+00:00,-1,-1,0.1732016514139325,0,False,-4.0340079461682175,2.674766725871699,2025-10-02T10:30:21.960501
2017-05-16 00:05:00+00:00,-1,-1,0.1919498417531092,0,False,-3.0541810911459613,2.7149532826030884,2025-10-02T10:30:21.960501
2017-05-16 00:05:00+00:00,-1,-1,0.21493572328303584,0,False,-2.05835083782157,2.6638826392121175,2025-10-02T10:30:21.960501
2017-05-16 00:10:00+00:00,-1,-1,0.23509250398266002,0,False,-1.0542893319669473,2.832779038542813,2025-10-02T10:30:21.960501
2017-05-16 00:10:00+00:00,-1,-1,0.22991749832455083,0,False,-0.05589256425725981,2.852809984001179,2025-10-02T10:30:21.960501
2017-05-16 00:10:00+00:00,-1,-1,-0.06883762094164314,1,True,0.9646106070409797,3.37404988762668,2025-10-02T10:30:21.960501
2017-05-16 00:10:00+00:00,-1,-1,0.2248349914324072,0,False,1.941482344022388,2.911283107108905,2025-10-02T10:30:21.960501
2017-05-16 00:10:00+00:00,-1,-1,0.21431400230818393,0,False,2.9404666925280947,2.95119390425997,2025-10-02T10:30:21.960501
2017-05-16 00:10:00+00:00,-1,-1,0.21733220898814903,0,False,3.9391479387321757,2.9789618463121283,2025-10-02T10:30:21.960501
2017-05-16 00:10:00+00:00,-1,-1,0.20247833701693013,0,False,4.932584441628006,2.8705867672206486,2025-10-02T10:30:21.960501
1900-07-05 16:55:00+00:00,-1,-1,0.25079715213534187,0,False,6.034424922087621,-1.0836511891099876,2025-10-02T10:30:21.960501
1900-07-05 17:00:00+00:00,-1,-1,0.24722027971865085,0,False,6.036383039807437,-1.1348759644077016,2025-10-02T10:30:21.960501
1900-07-04 03:25:00+00:00,-1,-1,0.24435009897231502,0,False,7.00053197144865,0.43242469328815947,2025-10-02T10:30:21.960501
1900-07-03 03:55:00+00:00,-1,-1,0.24556551203494426,0,False,7.999219425588473,0.46166125484202253,2025-10-02T10:30:21.960501
2017-07-04 09:40:00+00:00,-1,-1,0.019973321398954025,0,False,9.11428380768462,-1.673961936564884,2025-10-02T10:30:21.960501
1900-07-03 16:35:00+00:00,-1,-1,0.21231998446824885,0,False,10.09745143818421,-1.3363195231184992,2025-10-02T10:30:21.960501
1900-07-07 13:35:00+00:00,-1,-1,0.1586433577877116,0,False,10.115811929153377,-1.6774090556399222,2025-10-02T10:30:21.960501
1900-07-06 12:00:00+00:00,-1,-1,0.16383190236971218,0,False,11.128191492653906,-1.7141837001546025,2025-10-02T10:30:21.960501
1900-07-03 18:05:00+00:00,-1,-1,0.21232427118088687,0,False,12.098742581903487,-1.3802959506062,2025-10-02T10:30:21.960501
1900-07-05 18:20:00+00:00,-1,-1,0.21232427118088687,0,False,12.098742581903487,-1.3802959506062,2025-10-02T10:30:21.960501
1900-07-06 16:25:00+00:00,-1,-1,0.21808357978761883,0,False,12.094826346463863,-1.2778464000107732,2025-10-02T10:30:21.960501
1900-07-08 04:15:00+00:00,-1,-1,0.11848025075421798,0,False,13.08893614277941,-0.33552864405495897,2025-10-02T10:30:21.960501
1900-07-05 11:40:00+00:00,-1,-1,0.12132441748565748,0,False,14.150548297677977,-1.515177594929472,2025-10-02T10:30:21.960501
1900-07-06 13:35:00+00:00,-1,-1,0.11642312752214612,0,False,14.158702321933571,-1.6826521285016118,2025-10-02T10:30:21.960501
1900-07-07 16:00:00+00:00,-1,-1,0.14622777989202096,0,False,15.115123553011934,-1.6849005737637486,2025-10-02T10:30:21.960501
1900-07-06 03:10:00+00:00,-1,-1,0.19142747020346118,0,False,16.05699575824435,0.3259391670489641,2025-10-02T10:30:21.960501
1900-07-08 00:30:00+00:00,-1,-1,0.11654332972101356,0,False,17.074043703353347,0.014086196081403388,2025-10-02T10:30:21.960501
1900-07-01 11:35:00+00:00,-1,-1,0.07484035778921239,0,False,18.170795350736206,-2.4059467338322205,2025-10-02T10:30:21.960501
1900-07-05 12:00:00+00:00,-1,-1,0.14764429389727962,0,False,19.14720607846725,-1.9331710891615062,2025-10-02T10:30:21.960501
1900-07-03 13:50:00+00:00,-1,-1,0.1391372902042875,0,False,20.14785165032688,-1.9551593029053569,2025-10-02T10:30:21.960501
1900-07-04 01:35:00+00:00,-1,-1,0.22467111744562968,0,False,20.978240093966573,0.9441861056376708,2025-10-02T10:30:21.960501
1900-07-03 18:45:00+00:00,-1,-1,0.23460065309772837,0,False,22.017340423764466,-0.7183157548436058,2025-10-02T10:30:21.960501
1900-07-05 02:40:00+00:00,-1,-1,0.23656991426657453,0,False,22.977573119966035,0.951434453447683,2025-10-02T10:30:21.960501
1900-07-04 02:35:00+00:00,-1,-1,0.23314590162335452,0,False,23.976260574105865,0.980671015001546,2025-10-02T10:30:21.960501
1900-07-06 19:15:00+00:00,-1,-1,0.2189994832576948,0,False,25.008236029482486,0.13908639649427348,2025-10-02T10:30:21.960501
1900-07-04 21:45:00+00:00,-1,-1,0.20295525857818336,0,False,26.010839719061938,0.06587340745270955,2025-10-02T10:30:21.960501
1900-07-03 14:35:00+00:00,-1,-1,0.23351557829408015,0,False,27.002945223584337,-0.3672338458834351,2025-10-02T10:30:21.960501
1900-07-03 15:40:00+00:00,-1,-1,0.2276878177624399,0,False,28.00359079544396,-0.38922205962728634,2025-10-02T10:30:21.960501
1900-07-01 11:45:00+00:00,-1,-1,0.0367260971352007,0,False,29.15478085896818,-1.5665735312978166,2025-10-02T10:30:21.960501
1900-07-03 21:30:00+00:00,-1,-1,0.1412788064191678,0,False,30.075676020264634,-0.2145644192858563,2025-10-02T10:30:21.960501
1900-07-04 20:50:00+00:00,-1,-1,0.08455619887518595,0,False,31.110480642787646,-0.7183334294850472,2025-10-02T10:30:21.960501
1900-07-03 16:25:00+00:00,-1,-1,0.048399288195969725,0,False,32.176284037067234,-1.8522237044910534,2025-10-02T10:30:21.960501
